                  epoch,         train/box_loss,         train/cls_loss,         train/dfl_loss,   metrics/precision(B),      metrics/recall(B),       metrics/mAP50(B),    metrics/mAP50-95(B),           val/box_loss,           val/cls_loss,           val/dfl_loss,                 lr/pg0,                 lr/pg1,                 lr/pg2
                      1,                 2.6342,                 3.6023,                 2.7544,                      0,                      0,                      0,                      0,                 4.8518,                 12.298,                 3.7322,                 0.0001,                 0.0001,                 0.0001
                      2,                 2.3393,                 3.3304,                 2.5077,                0.00333,                      1,                  0.995,                 0.4225,                 1.4405,                 3.8093,                  1.453,             0.00021891,             0.00021891,             0.00021891
                      3,                 1.9501,                  2.682,                 2.0652,                0.00333,                      1,                0.12674,                0.05018,                 2.9539,                  4.292,                 1.9074,             0.00033663,             0.00033663,             0.00033663
                      4,                 1.9041,                 2.6865,                 2.0237,                0.00333,                      1,                0.82833,                 0.2772,                 1.5612,                 4.2855,                 1.5718,             0.00045317,             0.00045317,             0.00045317
                      5,                 1.7425,                  2.524,                 1.8921,                0.00333,                      1,                0.66333,                0.21967,                 2.5331,                 4.3514,                 1.8313,             0.00056852,             0.00056852,             0.00056852
                      6,                  1.746,                 2.6657,                 1.8862,                0.00333,                      1,                  0.995,                0.31063,                 1.8594,                 3.1526,                 1.6205,             0.00068267,             0.00068267,             0.00068267
                      7,                 1.7218,                 2.2291,                 1.8329,                0.10115,                      1,                  0.995,                0.49654,                 1.7143,                 3.6027,                 1.4262,             0.00079565,             0.00079565,             0.00079565
                      8,                 1.7117,                 2.2602,                 1.7915,                0.04577,                      1,                0.19518,                0.07393,                 2.5944,                  3.476,                 2.7051,             0.00090743,             0.00090743,             0.00090743
                      9,                 1.7561,                 2.3162,                 1.8613,                0.27727,                    0.5,                0.16542,                0.03472,                 3.3621,                 4.0853,                 3.8436,               0.001018,               0.001018,               0.001018
                     10,                 1.6155,                 2.1051,                 1.7639,                0.00333,                      1,                0.05849,                0.01355,                 3.5115,                 4.3474,                 3.9299,              0.0011274,              0.0011274,              0.0011274
                     11,                 1.6203,                 2.2749,                 1.7089,                0.30153,                    0.5,                0.31417,                 0.0386,                 3.0608,                 4.0076,                 3.8826,              0.0012357,              0.0012357,              0.0012357
                     12,                 1.6797,                 2.0787,                 1.7807,                0.43711,                    0.5,                0.31417,                0.04144,                 2.9918,                 5.4509,                 4.8019,              0.0013427,              0.0013427,              0.0013427
                     13,                 1.6276,                 1.9877,                 1.7431,                0.00167,                    0.5,                0.00639,                0.00128,                  3.827,                 7.4175,                 3.7761,              0.0014485,              0.0014485,              0.0014485
                     14,                 1.6727,                 2.0701,                 1.7406,                0.02088,                    0.5,                 0.0181,                0.00202,                 3.8869,                 10.124,                 4.6917,              0.0015532,              0.0015532,              0.0015532
                     15,                 1.6561,                 2.0279,                 1.7669,                0.00167,                    0.5,                0.00189,                0.00034,                 3.6499,                 7.8131,                 4.0088,              0.0016566,              0.0016566,              0.0016566
                     16,                 1.6444,                 1.9933,                 1.7293,                0.40845,                    0.5,                0.49543,                0.05666,                 3.8833,                 11.477,                 7.4011,              0.0017589,              0.0017589,              0.0017589
                     17,                 1.5941,                 1.9049,                 1.7088,                 0.6922,                    0.5,                0.49543,                0.07937,                 3.5779,                 10.259,                 6.5205,              0.0018416,              0.0018416,              0.0018416
                     18,                  1.804,                 2.0451,                 1.9396,                0.31314,                    0.5,                0.49543,                0.14867,                 3.1579,                 8.9585,                 3.3908,              0.0018416,              0.0018416,              0.0018416
                     19,                 1.7388,                 2.0721,                 1.8139,                 0.1102,                    0.5,                 0.0623,                0.01342,                 3.7791,                 7.1348,                 4.4869,              0.0018317,              0.0018317,              0.0018317
                     20,                 1.6899,                 2.0328,                 1.8034,                0.05155,                    0.5,                0.02792,                0.00558,                 4.3824,                 11.905,                  5.567,              0.0018218,              0.0018218,              0.0018218
                     21,                 1.7327,                  1.987,                 1.8223,                0.10351,                    0.5,                0.05542,                0.01324,                 3.8714,                  9.208,                  4.963,              0.0018119,              0.0018119,              0.0018119
                     22,                 1.6071,                 1.8291,                 1.7009,                0.72834,                    0.5,                0.60611,                0.14324,                 3.2011,                 5.9055,                   2.81,               0.001802,               0.001802,               0.001802
                     23,                 1.7124,                 1.7909,                 1.7395,                0.77593,                    0.5,                  0.595,                0.08933,                  3.151,                 3.9643,                 2.8792,              0.0017921,              0.0017921,              0.0017921
                     24,                 1.6413,                 1.7458,                 1.7156,                0.07819,                      1,                0.09476,                0.02312,                 2.4437,                 3.2862,                 2.4763,              0.0017822,              0.0017822,              0.0017822
                     25,                 1.5796,                 1.6924,                 1.7141,                0.06033,                    0.5,                0.07696,                0.01538,                 2.4151,                 5.1587,                 2.3536,              0.0017723,              0.0017723,              0.0017723
                     26,                 1.5755,                 1.6979,                 1.6183,                0.02697,                    0.5,                0.01946,                 0.0074,                 3.1711,                 6.3315,                   2.77,              0.0017624,              0.0017624,              0.0017624
                     27,                 1.5359,                  1.609,                 1.6672,                0.29121,                    0.5,                0.16542,                0.02286,                 3.5867,                  3.442,                 3.4518,              0.0017525,              0.0017525,              0.0017525
                     28,                  1.625,                 1.6721,                 1.7342,                0.28264,                    0.5,                0.16544,                0.05517,                 2.5829,                 2.8584,                 2.4417,              0.0017426,              0.0017426,              0.0017426
                     29,                 1.4677,                 1.4743,                 1.5598,                0.25884,                    0.5,                0.21045,                0.09176,                 2.9156,                 3.7025,                 2.3171,              0.0017327,              0.0017327,              0.0017327
                     30,                 1.5296,                 1.5547,                 1.6235,                0.08025,                    0.5,                0.04992,                0.03994,                 2.3688,                 4.0952,                 2.6351,              0.0017228,              0.0017228,              0.0017228
                     31,                 1.4701,                   1.53,                 1.5681,                0.46734,                    0.5,                0.24792,                0.17355,                 2.4716,                 4.9049,                 2.5572,              0.0017129,              0.0017129,              0.0017129
                     32,                 1.6478,                 1.5079,                 1.6631,                0.46171,                    0.5,                0.41417,                 0.1224,                 2.0326,                 6.6118,                 2.1448,               0.001703,               0.001703,               0.001703
                     33,                 1.4635,                 1.5473,                 1.6387,                0.45542,                      1,                 0.4975,                0.14713,                  1.987,                 3.9487,                 1.9829,              0.0016931,              0.0016931,              0.0016931
                     34,                 1.4921,                 1.4467,                 1.5713,                0.60574,                    0.5,                  0.695,                0.09995,                 3.0489,                 1.8461,                 2.3275,              0.0016832,              0.0016832,              0.0016832
                     35,                  1.522,                 1.5203,                 1.5931,                0.00347,                      1,                0.04975,                0.00754,                 4.0954,                 2.1282,                 3.0167,              0.0016733,              0.0016733,              0.0016733
                     36,                 1.4677,                 1.3861,                 1.5736,                0.12842,                    0.5,                0.08297,                0.03319,                 3.0051,                   2.24,                 2.3194,              0.0016634,              0.0016634,              0.0016634
                     37,                 1.6049,                 1.4476,                 1.6334,                0.44326,                0.44326,                  0.248,                0.10095,                 2.4565,                 2.2076,                 2.0281,              0.0016535,              0.0016535,              0.0016535
                     38,                 1.6081,                  1.441,                 1.5759,                0.63721,                    0.5,                   0.62,                0.46161,                 2.0623,                 2.2172,                 1.8218,              0.0016436,              0.0016436,              0.0016436
                     39,                 1.5372,                 1.3578,                 1.6046,                0.91398,                    0.5,                0.63786,                 0.4427,                 1.9326,                 2.1775,                 1.6721,              0.0016337,              0.0016337,              0.0016337
                     40,                 1.6332,                 1.5346,                 1.7831,                0.94494,                    0.5,                0.56167,                 0.4724,                 1.3966,                 1.7949,                  1.324,              0.0016238,              0.0016238,              0.0016238
                     41,                  1.367,                 1.3538,                  1.506,                0.93597,                    0.5,                0.66167,                0.51244,                 1.3726,                 1.4769,                 1.3255,              0.0016139,              0.0016139,              0.0016139
                     42,                  1.495,                 1.4089,                 1.6385,                0.92396,                    0.5,                  0.595,                0.39328,                  1.592,                  1.722,                 1.3811,               0.001604,               0.001604,               0.001604
                     43,                 1.4682,                 1.3293,                 1.5932,                0.99676,                      1,                  0.995,                0.41751,                 1.7024,                 1.8643,                 1.5061,              0.0015941,              0.0015941,              0.0015941
                     44,                 1.5304,                 1.4278,                 1.5769,                      1,                0.97641,                  0.995,                0.51429,                 2.0989,                 1.6711,                  1.608,              0.0015842,              0.0015842,              0.0015842
                     45,                 1.4376,                 1.3074,                 1.5018,                0.59418,                      1,                0.82833,                0.43046,                 2.0299,                 1.6845,                 1.5716,              0.0015743,              0.0015743,              0.0015743
                     46,                 1.3194,                 1.2556,                 1.4789,                0.74108,                    0.5,                0.50426,                0.30256,                    2.2,                 2.8974,                 2.1039,              0.0015644,              0.0015644,              0.0015644
                     47,                 1.3929,                 1.3046,                 1.5565,                0.47138,                    0.5,                0.25886,                0.09269,                 2.3784,                  3.769,                 2.5323,              0.0015545,              0.0015545,              0.0015545
                     48,                 1.4062,                 1.2252,                 1.4308,                0.66582,                    0.5,                  0.545,                0.37659,                 1.8641,                 2.6656,                  1.982,              0.0015446,              0.0015446,              0.0015446
                     49,                 1.2973,                 1.1339,                 1.4317,                0.92514,                    0.5,                   0.62,                0.33479,                 2.1405,                 1.9531,                 1.7708,              0.0015347,              0.0015347,              0.0015347
                     50,                 1.3688,                 1.2324,                 1.4926,                0.93403,                    0.5,                  0.695,                0.42682,                 1.8785,                 1.5485,                 1.5993,              0.0015248,              0.0015248,              0.0015248
                     51,                 1.4411,                 1.2158,                 1.5395,                0.87344,                    0.5,                0.57192,                0.26317,                 2.6342,                 1.6318,                 2.3506,              0.0015149,              0.0015149,              0.0015149
                     52,                  1.515,                  1.253,                 1.5612,                0.90258,                    0.5,                  0.695,                0.61526,                 1.0377,                 1.4681,                 1.0722,               0.001505,               0.001505,               0.001505
                     53,                 1.3006,                 1.2147,                 1.4926,                0.91605,                    0.5,                  0.745,                0.44671,                 1.4952,                 1.2449,                 1.2319,              0.0014951,              0.0014951,              0.0014951
                     54,                  1.371,                 1.1522,                 1.4548,                0.63681,                      1,                0.82833,                0.50494,                 1.3949,                 1.4124,                 1.2692,              0.0014852,              0.0014852,              0.0014852
                     55,                 1.3036,                 1.1788,                 1.4689,                      1,                  0.951,                  0.995,                0.39612,                 1.4852,                 1.5149,                  1.404,              0.0014753,              0.0014753,              0.0014753
                     56,                 1.2685,                 1.0515,                  1.384,                0.91795,                    0.5,                  0.745,                0.48058,                 1.2744,                  1.125,                 1.5993,              0.0014654,              0.0014654,              0.0014654
                     57,                 1.2967,                   1.13,                 1.4376,                0.94958,                    0.5,                  0.745,                0.62088,                 1.1476,                 1.0836,                  1.355,              0.0014555,              0.0014555,              0.0014555
                     58,                 1.3387,                 1.1175,                 1.4083,                0.65039,                0.95118,                0.82833,                0.56283,                 1.2136,                 1.3591,                 1.3561,              0.0014456,              0.0014456,              0.0014456
                     59,                 1.2646,                 1.0576,                  1.395,                0.95173,                    0.5,                0.63786,                0.33014,                 1.8919,                 1.5037,                 1.7557,              0.0014357,              0.0014357,              0.0014357
                     60,                 1.3728,                 1.1662,                 1.4641,                 0.9542,                    0.5,                0.82833,                0.35931,                 2.1646,                 1.2326,                 1.9486,              0.0014258,              0.0014258,              0.0014258
                     61,                 1.3193,                 1.1271,                 1.4576,                0.66308,                0.98925,                0.82833,                0.56965,                 1.3814,                 1.1413,                 1.5111,              0.0014159,              0.0014159,              0.0014159
                     62,                 1.3501,                 1.1598,                 1.4684,                      1,                0.99437,                  0.995,                0.74614,                 1.1153,                 1.0334,                 1.1711,               0.001406,               0.001406,               0.001406
                     63,                 1.2466,                 1.0508,                 1.4095,                0.97483,                      1,                  0.995,                0.79576,                 1.1143,                0.96978,                 1.2659,              0.0013961,              0.0013961,              0.0013961
                     64,                 1.1879,                0.98611,                  1.383,                0.65684,                      1,                0.82833,                0.44696,                  1.796,                 2.0797,                 1.5741,              0.0013862,              0.0013862,              0.0013862
                     65,                  1.284,                 1.1172,                 1.4612,                0.64212,                      1,                0.82833,                0.41365,                 1.8892,                  1.902,                 1.7047,              0.0013763,              0.0013763,              0.0013763
                     66,                 1.2706,                 1.0995,                 1.3899,                0.99697,                      1,                  0.995,                0.74575,                0.99749,                  0.999,                  1.205,              0.0013664,              0.0013664,              0.0013664
                     67,                  1.249,                 1.0709,                 1.3774,                      1,                 0.9693,                  0.995,                0.82083,                0.90829,                 1.0181,                 1.1851,              0.0013565,              0.0013565,              0.0013565
                     68,                 1.2063,                 1.0004,                 1.3918,                      1,                0.94106,                  0.995,                  0.796,                0.99198,                 1.2389,                 1.1848,              0.0013466,              0.0013466,              0.0013466
                     69,                 1.0972,                0.99391,                 1.3208,                0.91588,                    0.5,                0.82833,                0.66267,                 1.0757,                  1.377,                 1.1873,              0.0013367,              0.0013367,              0.0013367
                     70,                 1.1646,                  1.026,                 1.3688,                0.79641,                      1,                  0.995,                0.43867,                 1.4942,                 2.1635,                  1.403,              0.0013268,              0.0013268,              0.0013268
                     71,                 1.2255,                0.95981,                 1.3735,                      1,                 0.8933,                  0.995,                 0.6965,                 1.4068,                 1.7539,                   1.32,              0.0013169,              0.0013169,              0.0013169
                     72,                 1.1611,                0.89166,                 1.3888,                0.99076,                      1,                  0.995,                0.74626,                 1.0239,                0.97977,                 1.1231,               0.001307,               0.001307,               0.001307
                     73,                  1.333,                 1.0589,                 1.4064,                      1,                0.99307,                  0.995,                0.74632,                0.99752,                0.87824,                 1.0878,              0.0012971,              0.0012971,              0.0012971
                     74,                 1.1954,                 0.9275,                 1.3649,                0.63985,                      1,                0.82833,                0.43092,                 1.5072,                  1.077,                 1.1606,              0.0012872,              0.0012872,              0.0012872
                     75,                  1.132,                0.92313,                 1.2969,                0.65666,                      1,                0.82833,                0.44754,                 1.5801,                 1.0509,                 1.2212,              0.0012773,              0.0012773,              0.0012773
                     76,                 1.2175,                 1.0058,                 1.4381,                0.62332,                    0.5,                0.49748,                0.39798,                 1.6505,                0.92572,                 1.6031,              0.0012674,              0.0012674,              0.0012674
                     77,                 1.2567,                0.92857,                 1.4395,                0.65535,                      1,                0.82833,                0.38136,                 1.9658,                0.93734,                 1.9155,              0.0012575,              0.0012575,              0.0012575
                     78,                 1.3039,                 1.0176,                 1.4018,                0.64521,                      1,                0.82833,                0.48888,                 1.6863,                 1.4512,                  1.741,              0.0012476,              0.0012476,              0.0012476
                     79,                  1.238,                0.96085,                 1.3373,                      1,                0.93869,                  0.995,                0.48067,                 1.7279,                 1.0382,                 1.8228,              0.0012377,              0.0012377,              0.0012377
                     80,                 1.2063,                 1.0238,                 1.3816,                0.98057,                      1,                  0.995,                0.54728,                 1.5035,                  1.132,                 1.4579,              0.0012278,              0.0012278,              0.0012278
                     81,                 1.0995,                 1.0119,                  1.352,                      1,                0.99087,                  0.995,                0.74621,                 1.2071,                 1.1194,                 1.1396,              0.0012179,              0.0012179,              0.0012179
                     82,                 1.2266,                0.96635,                  1.359,                0.96829,                      1,                  0.995,                0.74621,                0.81878,                0.81946,                 1.0315,               0.001208,               0.001208,               0.001208
                     83,                 1.1655,                0.97078,                 1.3493,                0.97715,                      1,                  0.995,                  0.796,                0.77293,                0.72958,                 1.0225,              0.0011981,              0.0011981,              0.0011981
                     84,                 1.0798,                0.90961,                 1.3248,                0.91231,                      1,                  0.995,                0.64687,                 1.4143,                 1.0374,                 1.2979,              0.0011882,              0.0011882,              0.0011882
                     85,                 1.1054,                0.89254,                 1.2656,                0.46962,                    0.5,                0.30632,                0.18598,                 2.6819,                 1.6157,                 1.9642,              0.0011783,              0.0011783,              0.0011783
                     86,                 1.0642,                0.87253,                 1.2717,                 0.4632,                    0.5,                0.28596,                0.15335,                 2.5976,                 1.5544,                 2.3723,              0.0011684,              0.0011684,              0.0011684
                     87,                 1.0846,                0.94095,                 1.2915,                0.49228,                    0.5,                0.52441,                0.40044,                 2.3552,                 1.1448,                  2.138,              0.0011585,              0.0011585,              0.0011585
                     88,                 1.0743,                0.89372,                 1.3415,                0.54175,                    0.5,                 0.4968,                0.39744,                 2.2266,                 1.1205,                 2.0702,              0.0011486,              0.0011486,              0.0011486
                     89,                 1.0264,                0.87319,                 1.2489,                0.49938,                    0.5,                0.49698,                0.34788,                 2.1615,                 1.0693,                 1.9239,              0.0011387,              0.0011387,              0.0011387
                     90,                 1.1173,                0.93516,                 1.3562,                0.97059,                      1,                  0.995,                  0.621,                 1.0959,                 1.0382,                 1.1033,              0.0011288,              0.0011288,              0.0011288
                     91,                 1.0886,                0.89362,                 1.2955,                      1,                0.99226,                  0.995,                0.89537,                 0.8876,                0.96533,                 1.2226,              0.0011189,              0.0011189,              0.0011189
                     92,                 1.0238,                0.84804,                 1.2697,                0.99733,                      1,                  0.995,                0.60547,                 1.3159,                0.99559,                 1.2497,               0.001109,               0.001109,               0.001109
                     93,                 1.0867,                0.83012,                 1.3362,                 0.9815,                      1,                  0.995,                 0.6965,                 1.3976,                0.82832,                 1.3514,              0.0010991,              0.0010991,              0.0010991
                     94,                 1.0357,                0.84413,                 1.2747,                0.97715,                      1,                  0.995,                 0.5638,                 1.6217,                 1.0246,                 1.4849,              0.0010892,              0.0010892,              0.0010892
                     95,                  1.164,                0.89659,                 1.3931,                0.97607,                      1,                  0.995,                0.56399,                 1.3911,                 1.1075,                 1.4308,              0.0010793,              0.0010793,              0.0010793
                     96,                 1.0718,                0.83522,                 1.2474,                0.97915,                      1,                  0.995,                0.45254,                 1.8247,                 1.1234,                 1.8164,              0.0010694,              0.0010694,              0.0010694
                     97,                 1.0099,                0.82079,                 1.2268,                0.98634,                      1,                  0.995,                 0.4273,                 2.0731,                 1.2693,                 2.0147,              0.0010595,              0.0010595,              0.0010595
                     98,                 1.0488,                 0.8815,                 1.2669,                0.96896,                      1,                  0.995,                0.59688,                 1.3682,                0.82968,                 1.7329,              0.0010496,              0.0010496,              0.0010496
                     99,                 1.0585,                0.85245,                 1.2682,                0.96966,                      1,                  0.995,                0.56208,                  1.608,                0.81961,                 1.7518,              0.0010397,              0.0010397,              0.0010397
                    100,                0.99637,                0.84455,                 1.2416,                0.97847,                      1,                  0.995,                  0.658,                 1.1734,                0.78937,                 1.2402,              0.0010298,              0.0010298,              0.0010298
                    101,                 1.0054,                0.83239,                 1.2652,                0.97953,                      1,                  0.995,                0.74636,                0.98921,                0.78945,                 1.0923,              0.0010199,              0.0010199,              0.0010199
                    102,                0.99502,                0.79784,                 1.2785,                0.97939,                      1,                  0.995,                  0.676,                 1.3081,                0.83899,                 1.0939,                0.00101,                0.00101,                0.00101
                    103,                 1.1202,                0.86493,                 1.3365,                0.99018,                      1,                  0.995,                0.56356,                 1.4255,                 1.0701,                 1.1254,              0.0010001,              0.0010001,              0.0010001
                    104,                 1.1281,                0.92857,                 1.3412,                0.98303,                      1,                  0.995,                0.84596,                0.92281,                0.63881,                0.97507,              0.0009902,              0.0009902,              0.0009902
                    105,                0.99006,                0.82071,                 1.2555,                0.98843,                      1,                  0.995,                 0.8955,                0.74859,                0.65235,                0.88108,              0.0009803,              0.0009803,              0.0009803
                    106,                0.98466,                0.81747,                  1.218,                0.98608,                      1,                  0.995,                0.82117,                0.86335,                0.68537,                0.89452,              0.0009704,              0.0009704,              0.0009704
                    107,                0.98758,                0.84053,                 1.2299,                0.98553,                      1,                  0.995,                0.82115,                 0.8286,                0.82511,                0.92065,              0.0009605,              0.0009605,              0.0009605
                    108,                 1.0069,                0.80873,                 1.2673,                0.98024,                      1,                  0.995,                0.69691,                 1.1846,                0.79742,                 1.0035,              0.0009506,              0.0009506,              0.0009506
                    109,                  1.092,                0.87058,                 1.3382,                0.97995,                      1,                  0.995,                0.57226,                 1.5568,                0.95697,                 1.1582,              0.0009407,              0.0009407,              0.0009407
                    110,                 1.0103,                0.85141,                  1.288,                0.98361,                      1,                  0.995,                0.69647,                 1.0786,                0.91568,                 1.1256,              0.0009308,              0.0009308,              0.0009308
                    111,                 1.0292,                0.85945,                 1.2696,                0.99556,                      1,                  0.995,                0.84569,                0.76836,                 0.7585,                  1.017,              0.0009209,              0.0009209,              0.0009209
                    112,                0.95064,                0.82155,                 1.2171,                0.99857,                      1,                  0.995,                0.74577,                0.90536,                0.97799,                0.98788,               0.000911,               0.000911,               0.000911
                    113,                 1.0093,                0.88343,                 1.2543,                0.99292,                      1,                  0.995,                0.63659,                 1.0934,                0.98681,                 1.0385,              0.0009011,              0.0009011,              0.0009011
                    114,                 1.0469,                0.85108,                 1.2645,                0.99223,                      1,                  0.995,                0.65317,                 1.2136,                 0.7853,                 1.0952,              0.0008912,              0.0008912,              0.0008912
                    115,                 1.0024,                0.96073,                 1.2605,                      1,                0.99993,                  0.995,                0.77911,                0.83446,                0.66893,                0.95685,              0.0008813,              0.0008813,              0.0008813
                    116,                 1.0234,                0.87875,                 1.2532,                0.99488,                      1,                  0.995,                  0.796,                0.82523,                0.63476,                0.95472,              0.0008714,              0.0008714,              0.0008714
                    117,                 1.0367,                0.89559,                  1.279,                0.98557,                      1,                  0.995,                 0.8955,                0.65754,                0.58721,                0.95826,              0.0008615,              0.0008615,              0.0008615
                    118,                0.91557,                0.79147,                 1.2251,                0.99892,                      1,                  0.995,                  0.796,                 0.9273,                0.84389,                 1.0548,              0.0008516,              0.0008516,              0.0008516
                    119,                0.91883,                 0.8002,                 1.2268,                0.98144,                      1,                  0.995,                0.66317,                 1.2752,                0.90738,                 1.1198,              0.0008417,              0.0008417,              0.0008417
                    120,                0.93138,                0.75383,                  1.194,                0.98524,                      1,                  0.995,                0.72192,                 1.2716,                0.86459,                 1.0886,              0.0008318,              0.0008318,              0.0008318
                    121,                0.90312,                0.74996,                 1.1952,                0.97491,                      1,                  0.995,                0.74755,                 1.0207,                0.80852,                  1.001,              0.0008219,              0.0008219,              0.0008219
                    122,                0.93889,                0.74945,                 1.2135,                0.98168,                      1,                  0.995,                0.82196,                  0.756,                0.61932,                 0.9752,               0.000812,               0.000812,               0.000812
                    123,                0.99557,                0.77873,                 1.2248,                0.98233,                      1,                  0.995,                 0.8955,                0.61376,                0.56621,                0.92374,              0.0008021,              0.0008021,              0.0008021
                    124,                0.91891,                0.80374,                 1.2251,                 0.9819,                      1,                  0.995,                0.92141,                0.48285,                0.52048,                0.84677,              0.0007922,              0.0007922,              0.0007922
                    125,                 0.9422,                0.76179,                 1.1805,                0.98598,                      1,                  0.995,                0.84656,                 0.7209,                0.60426,                0.87793,              0.0007823,              0.0007823,              0.0007823
                    126,                0.88735,                0.71936,                 1.1309,                 0.9904,                      1,                  0.995,                0.79732,                0.88444,                0.63641,                 0.9408,              0.0007724,              0.0007724,              0.0007724
                    127,                0.91247,                0.75341,                 1.2263,                0.99226,                      1,                  0.995,                0.79688,                0.82907,                0.60421,                0.92493,              0.0007625,              0.0007625,              0.0007625
                    128,                0.89862,                0.76079,                 1.1846,                0.99743,                      1,                  0.995,                0.84619,                0.67918,                0.60227,                 0.9046,              0.0007526,              0.0007526,              0.0007526
                    129,                0.93807,                0.77401,                 1.2308,                      1,                0.99629,                  0.995,                0.94571,                0.61995,                0.62022,                 0.8897,              0.0007427,              0.0007427,              0.0007427
                    130,                  1.019,                0.79442,                 1.2328,                      1,                0.98581,                  0.995,                0.94569,                 0.6249,                0.58464,                0.86813,              0.0007328,              0.0007328,              0.0007328
                    131,                0.98472,                0.81102,                 1.2702,                0.99476,                      1,                  0.995,                0.94567,                0.64266,                0.55492,                0.89157,              0.0007229,              0.0007229,              0.0007229
                    132,                0.99865,                 0.7945,                 1.1985,                 0.9846,                      1,                  0.995,                 0.8955,                0.71166,                0.53386,                0.97513,               0.000713,               0.000713,               0.000713
                    133,                 0.8982,                0.72943,                  1.197,                0.98237,                      1,                  0.995,                 0.8955,                0.61969,                0.51006,                0.97097,              0.0007031,              0.0007031,              0.0007031
                    134,                0.85557,                0.69809,                 1.1594,                0.98176,                      1,                  0.995,                 0.8955,                0.69879,                0.57033,                0.94469,              0.0006932,              0.0006932,              0.0006932
                    135,                0.96342,                0.77052,                 1.1939,                 0.9822,                      1,                  0.995,                 0.8955,                0.62133,                0.53393,                0.90796,              0.0006833,              0.0006833,              0.0006833
                    136,                0.92993,                0.69912,                 1.2174,                0.98383,                      1,                  0.995,                0.89676,                0.87837,                0.54788,                0.89841,              0.0006734,              0.0006734,              0.0006734
                    137,                0.89645,                0.83942,                 1.2208,                 0.9843,                      1,                  0.995,                0.94616,                0.71481,                0.54708,                0.87157,              0.0006635,              0.0006635,              0.0006635
                    138,                0.95288,                0.76048,                 1.2082,                0.98331,                      1,                  0.995,                0.84805,                0.70807,                0.54382,                0.93036,              0.0006536,              0.0006536,              0.0006536
                    139,                 0.9626,                0.72345,                 1.1885,                0.98295,                      1,                  0.995,                0.82439,                 0.8446,                0.51322,                0.96449,              0.0006437,              0.0006437,              0.0006437
                    140,                0.89981,                0.75452,                 1.2093,                0.98198,                      1,                  0.995,                  0.796,                 1.1411,                0.53661,                 1.0716,              0.0006338,              0.0006338,              0.0006338
                    141,                0.86316,                0.70304,                 1.1893,                0.98197,                      1,                  0.995,                  0.796,                 1.2203,                0.64443,                  1.092,              0.0006239,              0.0006239,              0.0006239
                    142,                0.95119,                0.76068,                 1.2243,                0.98273,                      1,                  0.995,                  0.796,                 1.0951,                 0.5782,                0.97083,               0.000614,               0.000614,               0.000614
                    143,                0.87614,                0.74303,                 1.2137,                0.97952,                      1,                  0.995,                0.82271,                0.91728,                0.54479,                0.91116,              0.0006041,              0.0006041,              0.0006041
                    144,                0.90353,                0.71251,                 1.2286,                0.98258,                      1,                  0.995,                  0.995,                0.51451,                0.54778,                0.83094,              0.0005942,              0.0005942,              0.0005942
                    145,                0.92048,                0.69316,                 1.2203,                0.98241,                      1,                  0.995,                0.94819,                 0.4607,                0.47508,                0.83127,              0.0005843,              0.0005843,              0.0005843
                    146,                0.91416,                0.68988,                 1.1943,                0.98253,                      1,                  0.995,                0.84914,                0.64682,                0.55821,                0.84248,              0.0005744,              0.0005744,              0.0005744
                    147,                0.89149,                0.73358,                 1.1535,                 0.9825,                      1,                  0.995,                 0.8955,                0.57918,                0.50547,                0.84574,              0.0005645,              0.0005645,              0.0005645
                    148,                0.85482,                0.76028,                 1.1885,                0.98272,                      1,                  0.995,                 0.8955,                0.75441,                0.59129,                0.88329,              0.0005546,              0.0005546,              0.0005546
                    149,                0.79712,                0.65409,                 1.0926,                 0.9833,                      1,                  0.995,                  0.796,                0.91066,                0.61943,                0.89982,              0.0005447,              0.0005447,              0.0005447
                    150,                0.88393,                0.69998,                 1.2027,                0.98314,                      1,                  0.995,                 0.8955,                0.80157,                 0.5906,                0.86269,              0.0005348,              0.0005348,              0.0005348
                    151,                 0.8394,                0.72223,                 1.1214,                0.98312,                      1,                  0.995,                 0.8955,                0.65369,                0.55231,                0.82965,              0.0005249,              0.0005249,              0.0005249
                    152,                0.81221,                0.68138,                 1.1437,                0.98285,                      1,                  0.995,                0.92152,                0.62603,                0.51208,                0.83723,               0.000515,               0.000515,               0.000515
                    153,                0.79641,                0.61512,                 1.1268,                0.98249,                      1,                  0.995,                 0.8955,                0.70957,                0.49546,                0.85589,              0.0005051,              0.0005051,              0.0005051
                    154,                0.85037,                0.68928,                  1.127,                 0.9814,                      1,                  0.995,                0.84641,                0.95822,                0.65801,                0.92714,              0.0004952,              0.0004952,              0.0004952
                    155,                0.71112,                 0.5921,                 1.0686,                0.97996,                      1,                  0.995,                  0.796,                 1.1035,                 0.8311,                 1.0044,              0.0004853,              0.0004853,              0.0004853
                    156,                0.78125,                0.66568,                 1.1239,                0.97795,                      1,                  0.995,                0.64735,                 1.2792,                0.99275,                 1.1274,              0.0004754,              0.0004754,              0.0004754
                    157,                0.78455,                0.69785,                 1.1238,                0.97855,                      1,                  0.995,                0.69782,                 1.2656,                0.96958,                 1.1351,              0.0004655,              0.0004655,              0.0004655
                    158,                0.79072,                0.67823,                 1.1663,                0.98301,                      1,                  0.995,                  0.796,                 1.0255,                0.71654,                 1.0289,              0.0004556,              0.0004556,              0.0004556
                    159,                0.86669,                0.69606,                 1.1454,                0.98367,                      1,                  0.995,                  0.796,                0.98237,                0.67397,                 1.0048,              0.0004457,              0.0004457,              0.0004457
                    160,                0.92248,                0.72613,                  1.181,                0.98302,                      1,                  0.995,                 0.8955,                0.78361,                0.58897,                0.91704,              0.0004358,              0.0004358,              0.0004358
                    161,                0.76493,                0.62971,                 1.1079,                0.98314,                      1,                  0.995,                 0.8472,                0.83535,                0.61608,                0.88468,              0.0004259,              0.0004259,              0.0004259
                    162,                0.92693,                0.72399,                 1.1887,                0.98324,                      1,                  0.995,                 0.8472,                0.97557,                0.60784,                0.89765,               0.000416,               0.000416,               0.000416
                    163,                0.82747,                0.69312,                 1.1381,                0.98366,                      1,                  0.995,                0.79869,                  1.045,                0.63513,                0.91881,              0.0004061,              0.0004061,              0.0004061
                    164,                0.73347,                0.67056,                 1.0944,                0.98357,                      1,                  0.995,                 0.7989,                 1.1651,                0.71113,                0.96818,              0.0003962,              0.0003962,              0.0003962
                    165,                0.88193,                0.68628,                 1.1505,                0.98385,                      1,                  0.995,                 0.7989,                 1.1784,                0.73192,                0.97564,              0.0003863,              0.0003863,              0.0003863
                    166,                0.78131,                0.66413,                 1.0977,                0.98348,                      1,                  0.995,                 0.7989,                 1.1836,                0.76192,                0.95942,              0.0003764,              0.0003764,              0.0003764
                    167,                0.78862,                0.66399,                 1.1516,                0.98305,                      1,                  0.995,                 0.7506,                 1.1771,                0.75851,                0.94241,              0.0003665,              0.0003665,              0.0003665
                    168,                0.76354,                0.68018,                 1.0997,                0.98195,                      1,                  0.995,                0.78202,                 1.1137,                0.72356,                 0.8977,              0.0003566,              0.0003566,              0.0003566
                    169,                0.78617,                 0.6863,                 1.1172,                0.98286,                      1,                  0.995,                0.75138,                 1.0361,                0.69484,                0.87265,              0.0003467,              0.0003467,              0.0003467
                    170,                0.73635,                0.60508,                 1.1004,                0.98463,                      1,                  0.995,                0.79942,                0.85499,                0.59712,                0.83605,              0.0003368,              0.0003368,              0.0003368
                    171,                0.75916,                0.64565,                 1.0828,                0.98468,                      1,                  0.995,                0.84763,                0.75648,                 0.5734,                 0.8159,              0.0003269,              0.0003269,              0.0003269
                    172,                0.73463,                0.62087,                 1.0896,                0.98479,                      1,                  0.995,                 0.8472,                0.74908,                0.51504,                0.79819,               0.000317,               0.000317,               0.000317
                    173,                0.71973,                0.60723,                  1.107,                 0.9839,                      1,                  0.995,                 0.8955,                 0.7102,                 0.4408,                0.80381,              0.0003071,              0.0003071,              0.0003071
                    174,                0.77899,                0.68343,                 1.1205,                0.98316,                      1,                  0.995,                0.84709,                0.72376,                0.47166,                0.79986,              0.0002972,              0.0002972,              0.0002972
                    175,                0.70088,                0.59931,                 1.0637,                0.98285,                      1,                  0.995,                  0.796,                 0.8258,                0.52042,                0.83418,              0.0002873,              0.0002873,              0.0002873
                    176,                0.72126,                0.65667,                 1.1163,                0.98239,                      1,                  0.995,                0.74716,                 1.1029,                0.57931,                0.90493,              0.0002774,              0.0002774,              0.0002774
                    177,                0.67887,                0.56401,                 1.0728,                0.98185,                      1,                  0.995,                0.74716,                 1.1664,                  0.621,                0.92916,              0.0002675,              0.0002675,              0.0002675
                    178,                0.72148,                0.63637,                 1.1065,                0.98196,                      1,                  0.995,                0.74734,                 1.1506,                0.61773,                0.92938,              0.0002576,              0.0002576,              0.0002576
                    179,                0.77833,                 0.6231,                 1.0799,                0.98214,                      1,                  0.995,                0.74742,                 1.0602,                0.57126,                0.90071,              0.0002477,              0.0002477,              0.0002477
                    180,                0.75625,                0.63126,                 1.1123,                0.98237,                      1,                  0.995,                  0.796,                0.89475,                0.50528,                0.86183,              0.0002378,              0.0002378,              0.0002378
                    181,                0.75599,                0.63061,                 1.1431,                 0.9823,                      1,                  0.995,                0.84692,                0.85409,                0.50805,                0.85854,              0.0002279,              0.0002279,              0.0002279
                    182,                0.78462,                0.64621,                 1.1349,                0.98264,                      1,                  0.995,                0.84652,                0.90976,                0.55315,                 0.8897,               0.000218,               0.000218,               0.000218
                    183,                0.74816,                0.64911,                 1.0912,                0.98286,                      1,                  0.995,                0.79763,                0.90286,                0.59144,                0.86475,              0.0002081,              0.0002081,              0.0002081
                    184,                0.80371,                0.78897,                 1.1928,                0.98331,                      1,                  0.995,                0.84671,                0.84978,                0.55923,                0.83726,              0.0001982,              0.0001982,              0.0001982
                    185,                0.82318,                0.66649,                 1.1681,                0.98352,                      1,                  0.995,                0.84671,                0.80965,                0.51901,                0.84278,              0.0001883,              0.0001883,              0.0001883
                    186,                0.80758,                 0.6799,                 1.1433,                 0.9839,                      1,                  0.995,                 0.8955,                0.67512,                0.48565,                0.80182,              0.0001784,              0.0001784,              0.0001784
                    187,                0.74915,                0.62192,                 1.1099,                0.98398,                      1,                  0.995,                 0.8955,                0.67182,                 0.4654,                0.80071,              0.0001685,              0.0001685,              0.0001685
                    188,                0.70558,                0.63006,                 1.1047,                 0.9835,                      1,                  0.995,                 0.8955,                0.65527,                0.48989,                0.80572,              0.0001586,              0.0001586,              0.0001586
                    189,                0.72725,                0.61852,                 1.0981,                0.98336,                      1,                  0.995,                 0.8955,                0.64225,                0.48768,                0.80409,              0.0001487,              0.0001487,              0.0001487
                    190,                0.67815,                0.61535,                 1.0722,                0.98392,                      1,                  0.995,                 0.8955,                0.68238,                0.50315,                0.80439,              0.0001388,              0.0001388,              0.0001388
                    191,                0.54872,                0.47934,                 1.0018,                0.98382,                      1,                  0.995,                 0.8955,                0.67323,                0.49938,                0.80525,              0.0001289,              0.0001289,              0.0001289
                    192,                0.60742,                 0.4981,                  1.066,                0.98425,                      1,                  0.995,                0.84666,                0.76353,                0.43754,                0.83317,               0.000119,               0.000119,               0.000119
                    193,                0.56625,                0.47648,                 1.0313,                0.98412,                      1,                  0.995,                0.84671,                0.76526,                0.42573,                0.83159,              0.0001091,              0.0001091,              0.0001091
                    194,                0.63233,                0.48817,                 1.1013,                0.98362,                      1,                  0.995,                0.84684,                 0.8149,                 0.4654,                0.84972,               9.92e-05,               9.92e-05,               9.92e-05
                    195,                0.52457,                0.45092,                 1.0309,                0.98359,                      1,                  0.995,                  0.796,                0.86361,                0.48093,                0.86287,               8.93e-05,               8.93e-05,               8.93e-05
                    196,                0.59301,                0.47002,                 1.0662,                0.98281,                      1,                  0.995,                0.74711,                0.95102,                0.46777,                0.87385,               7.94e-05,               7.94e-05,               7.94e-05
                    197,                0.53176,                0.44271,                  1.027,                0.98282,                      1,                  0.995,                0.69812,                0.95713,                0.46845,                 0.8767,               6.95e-05,               6.95e-05,               6.95e-05
                    198,                0.58814,                0.45123,                 1.0477,                0.98323,                      1,                  0.995,                  0.796,                0.95213,                0.48603,                0.88946,               5.96e-05,               5.96e-05,               5.96e-05
                    199,                0.59731,                0.45918,                 1.0336,                0.98316,                      1,                  0.995,                0.79692,                0.92317,                0.47596,                0.88965,               4.97e-05,               4.97e-05,               4.97e-05
                    200,                0.58623,                0.46283,                  1.059,                0.98362,                      1,                  0.995,                0.79671,                0.90084,                 0.4673,                0.89302,               3.98e-05,               3.98e-05,               3.98e-05
